{"cameraMode":{"drawMode":0,"name":"Shaded","section":"Shading Mode"},"sceneLighting":true,"audioPlay":false,"sceneViewState":{"showFog":true,"showMaterialUpdate":false,"showSkybox":true,"showFlares":true,"showImageEffects":true,"showParticleSystems":true,"showVisualEffectGraphs":true,"m_FxEnabled":true},"in2DMode":false,"pivot":{"x":0.36685341596603396,"y":0.5433797240257263,"z":0.03987431526184082},"rotation":{"x":0.00024811673210933805,"y":0.9991734623908997,"z":-0.04048644006252289,"w":0.006009090691804886},"size":1.5628111362457276,"orthographic":false}