{"cameraMode":{"drawMode":0,"name":"Shaded","section":"Shading Mode"},"sceneLighting":true,"audioPlay":false,"sceneViewState":{"showFog":true,"showMaterialUpdate":false,"showSkybox":true,"showFlares":true,"showImageEffects":true,"showParticleSystems":true,"showVisualEffectGraphs":true,"m_FxEnabled":true},"in2DMode":false,"pivot":{"x":-2.333665609359741,"y":-0.20759259164333344,"z":0.07748040556907654},"rotation":{"x":-0.07795649021863938,"y":0.9206821322441101,"z":-0.24295058846473695,"w":-0.2954186499118805},"size":3.371062994003296,"orthographic":false}