{"cameraMode":{"drawMode":0,"name":"Shaded","section":"Shading Mode"},"sceneLighting":true,"audioPlay":false,"sceneViewState":{"showFog":true,"showMaterialUpdate":false,"showSkybox":true,"showFlares":true,"showImageEffects":true,"showParticleSystems":true,"showVisualEffectGraphs":true,"m_FxEnabled":true},"in2DMode":false,"pivot":{"x":0.5780506134033203,"y":2.4719924926757814,"z":-8.700002670288086},"rotation":{"x":-0.014227155596017838,"y":-0.15329140424728394,"z":0.0022128450218588115,"w":-0.988108217716217},"size":0.5507632493972778,"orthographic":false}