{"cameraMode":{"drawMode":0,"name":"Shaded","section":"Shading Mode"},"sceneLighting":true,"audioPlay":false,"sceneViewState":{"showFog":true,"showMaterialUpdate":false,"showSkybox":true,"showFlares":true,"showImageEffects":true,"showParticleSystems":true,"showVisualEffectGraphs":true,"m_FxEnabled":true},"in2DMode":false,"pivot":{"x":0.4839290380477905,"y":2.1626529693603517,"z":15.946731567382813},"rotation":{"x":-0.008998204953968525,"y":0.9804790616035461,"z":-0.19090312719345094,"w":-0.04621483013033867},"size":2.4247448444366457,"orthographic":false}