{"cameraMode":{"drawMode":0,"name":"Shaded","section":"Shading Mode"},"sceneLighting":true,"audioPlay":false,"sceneViewState":{"showFog":true,"showMaterialUpdate":false,"showSkybox":true,"showFlares":true,"showImageEffects":true,"showParticleSystems":true,"showVisualEffectGraphs":true,"m_FxEnabled":true},"in2DMode":false,"pivot":{"x":-0.0011103153228759766,"y":-0.3878054618835449,"z":-2.0237975120544435},"rotation":{"x":-0.017528774216771127,"y":-0.9771251082420349,"z":0.19238074123859406,"w":-0.08905603736639023},"size":3.4459571838378908,"orthographic":false}