{"cameraMode":{"drawMode":0,"name":"Shaded","section":"Shading Mode"},"sceneLighting":true,"audioPlay":false,"sceneViewState":{"showFog":true,"showMaterialUpdate":false,"showSkybox":true,"showFlares":true,"showImageEffects":true,"showParticleSystems":true,"showVisualEffectGraphs":true,"m_FxEnabled":true},"in2DMode":false,"pivot":{"x":-202.0093994140625,"y":702.5479125976563,"z":-36.4859619140625},"rotation":{"x":0.014993472024798394,"y":-0.028196753934025766,"z":0.00042298578773625195,"w":0.9994896650314331},"size":524.2149658203125,"orthographic":false}