{"cameraMode":{"drawMode":0,"name":"Shaded","section":"Shading Mode"},"sceneLighting":true,"audioPlay":false,"sceneViewState":{"showFog":true,"showMaterialUpdate":false,"showSkybox":true,"showFlares":true,"showImageEffects":true,"showParticleSystems":true,"showVisualEffectGraphs":true,"m_FxEnabled":true},"in2DMode":false,"pivot":{"x":6.299999713897705,"y":3.0019912719726564,"z":7.228050708770752},"rotation":{"x":0.014993472024798394,"y":-0.028196753934025766,"z":0.00042298578773625195,"w":0.9994896650314331},"size":14.580589294433594,"orthographic":false}