{"cameraMode":{"drawMode":0,"name":"Shaded","section":"Shading Mode"},"sceneLighting":true,"audioPlay":false,"sceneViewState":{"showFog":true,"showMaterialUpdate":false,"showSkybox":true,"showFlares":true,"showImageEffects":true,"showParticleSystems":true},"in2DMode":false,"pivot":{"x":1.8787952661514283,"y":3.6897974014282228,"z":11.129251480102539},"rotation":{"x":-0.010248525999486447,"y":0.9743374586105347,"z":-0.22024507820606233,"w":-0.04533831775188446},"size":3.4639885425567629,"orthographic":false}